{
  "intPositive": 42,
  "intNegative": -42,
  "zero": 0,
  "negativeZeroAsZero": 0,
  "floatPositive": 3.14159,
  "floatNegative": -2.71828,
  "smallFloat": 0.0001,
  "largeInt": 9007199254740991,
  "expForm": 1000000,
  "fractional": 1013.21
}
